Lenovo Yoga Slim 7 14ARE05 82A20088MX,'14,0',AMD Ryzen 5 4500U,5699.00,820.36,2502.22,2.28,https://www.pricerunner.dk/pl/27-5276499/Baerbar/Lenovo-Yoga-Slim-7-14ARE05-82A20088MX-Sammenlign-Priser
Lenovo Yoga Slim 7 Pro-14 82MS000KMX,'18,0',AMD Ryzen 7 5800H,7970.00,1296.76,5202.70,1.53,https://www.pricerunner.dk/pl/27-3200098014/Baerbar/Lenovo-Yoga-Slim-7-Pro-14-82MS000KMX-Sammenlign-Priser
Lenovo Yoga Slim 7 Pro-14 82MS000GMX,'15,8',AMD Ryzen 7 5800H ,7699.00,1296.76,5202.70,1.48,https://www.pricerunner.dk/pl/27-3200185451/Baerbar/Lenovo-Yoga-Slim-7-Pro-14-82MS000GMX-Sammenlign-Priser
Lenovo Yoga Slim 7-14 82A2007PMX,'17,5',AMD Ryzen 7 4700U,7992.00,992.72,3894.23,2.05,https://www.pricerunner.dk/pl/27-5233727/Baerbar/Lenovo-Yoga-Slim-7-14-82A2007PMX-Sammenlign-Priser
Lenovo Yoga Slim 7 Pro-14 82MS000JMX,'18,0',AMD Ryzen 5 5600H,6699.00,1272.56,4351.28,1.54,https://www.pricerunner.dk/pl/27-3200101094/Baerbar/Lenovo-Yoga-Slim-7-Pro-14-82MS000JMX-Sammenlign-Priser
Lenovo IdeaPad Flex 5 14ALC05 82HU004CMX,'12,0',AMD Ryzen 5 5500U ,5499.00,915.72,3492.12,1.57,https://www.pricerunner.dk/pl/27-3200145184/Baerbar/Lenovo-IdeaPad-Flex-5-14ALC05-82HU004CMX-Sammenlign-Priser
Lenovo Yoga Slim 7 Pro-14 82FX002RMX,'21,4',Intel Core i5 1135G7,6999.00,1252.32,3299.76,2.12,https://www.pricerunner.dk/pl/27-3200082220/Baerbar/Lenovo-Yoga-Slim-7-Pro-14-82FX002RMX-Sammenlign-Priser
Lenovo ThinkBook 14 20VF000BMX,'7,5',AMD Ryzen 7 4700U,6173.00,992.72,3894.23,1.59,https://www.pricerunner.dk/pl/27-5305374/Baerbar/Lenovo-ThinkBook-14-20VF000BMX-Sammenlign-Priser
Lenovo Yoga Slim 7-14 82A2008MMX,'17,5',AMD Ryzen 7 4700U,7399.00,992.72,3894.23,1.90,https://www.pricerunner.dk/pl/27-5233713/Baerbar/Lenovo-Yoga-Slim-7-14-82A2008MMX-Sammenlign-Priser
Lenovo IdeaPad Flex 5 81X20044MX,'12,0',AMD Ryzen 7 4700U,5495.00,992.72,3894.23,1.41,https://www.pricerunner.dk/pl/27-5215148/Baerbar/Lenovo-IdeaPad-Flex-5-81X20044MX-Sammenlign-Priser
Lenovo IdeaPad 5 Pro 14ACN6 82L7001BMX,'10,0',AMD Ryzen 7 5800U,6499.00,1382.68,5520.52,1.18,https://www.pricerunner.dk/pl/27-3200152505/Baerbar/Lenovo-IdeaPad-5-Pro-14ACN6-82L7001BMX-Sammenlign-Priser
Lenovo ThinkBook 13s G2 ITL (20V90004MX),'16,0',Intel Core i7 1165G7 ,6695.00,1290.88,3408.67,1.96,https://www.pricerunner.dk/pl/27-3200006866/Baerbar/Lenovo-ThinkBook-13s-G2-ITL-%2820V90004MX%29-Sammenlign-Priser
HP Envy x360 13-AY0802no,'11,0',AMD Ryzen 7 4700U,8555.00,992.72,3894.23,2.20,https://www.pricerunner.dk/pl/27-5258002/Baerbar/HP-Envy-x360-13-AY0802no-Sammenlign-Priser
Lenovo ThinkBook 14 G3 ACL 21A20005MX,'7,5',AMD Ryzen 7 5700U,8138.00,1002.28,4366.81,1.86,https://www.pricerunner.dk/pl/27-3200197295/Baerbar/Lenovo-ThinkBook-14-G3-ACL-21A20005MX-Sammenlign-Priser
Lenovo IdeaPad 5 14ALC05 82LM000GMX,'8,3',AMD Ryzen 7 5700U,5999.00,1002.28,4366.81,1.37,https://www.pricerunner.dk/pl/27-3200169786/Baerbar/Lenovo-IdeaPad-5-14ALC05-82LM000GMX-Sammenlign-Priser
Lenovo Yoga Slim 7 14ITL05 82A3 (82A30040MX),'15,0',Intel Core i5 1135G7,6299.00,1252.32,3299.76,1.91,https://www.pricerunner.dk/pl/27-3200055267/Baerbar/Lenovo-Yoga-Slim-7-14ITL05-82A3-%2882A30040MX%29-Sammenlign-Priser
Lenovo ThinkBook 13s G3 20YA0009MX,'12,3',AMD Ryzen 7 5800U,8148.00,1382.68,5520.52,1.48,https://www.pricerunner.dk/pl/27-3200181000/Baerbar/Lenovo-ThinkBook-13s-G3-20YA0009MX-Sammenlign-Priser
Lenovo IdeaPad Flex 5 14ALC05 82HU003NMX,'12,0',AMD Ryzen 7 5700U ,6370.00,1002.28,4366.81,1.46,https://www.pricerunner.dk/pl/27-3200145761/Baerbar/Lenovo-IdeaPad-Flex-5-14ALC05-82HU003NMX-Sammenlign-Priser
Lenovo IdeaPad 5-14 81YM00BKMX,'12,0',AMD Ryzen 7 4700U,5844.00,992.72,3894.23,1.50,https://www.pricerunner.dk/pl/27-5255140/Baerbar/Lenovo-IdeaPad-5-14-81YM00BKMX-Sammenlign-Priser
Lenovo IdeaPad Flex 5 82HS0079MX,'11,0',Intel Core i7 1165G7,8499.00,1290.88,3408.67,2.49,https://www.pricerunner.dk/pl/27-3200051269/Baerbar/Lenovo-IdeaPad-Flex-5-82HS0079MX-Sammenlign-Priser
Lenovo IdeaPad Flex 5 14ALC05 82HU003MMX,'12,0',AMD Ryzen 5 5500U ,5470.00,915.72,3492.12,1.57,https://www.pricerunner.dk/pl/27-3200145466/Baerbar/Lenovo-IdeaPad-Flex-5-14ALC05-82HU003MMX-Sammenlign-Priser
Lenovo Yoga 7i 14 82BH0077MX,'13,0',Intel Core i5 1135G7 ,8624.00,1252.32,3299.76,2.61,https://www.pricerunner.dk/pl/27-3200160696/Baerbar/Lenovo-Yoga-7i-14-82BH0077MX-Sammenlign-Priser
Lenovo ThinkPad E14 Gen 3 20Y70049MX,'15,8',AMD Ryzen 7 5700U,7308.00,1002.28,4366.81,1.67,https://www.pricerunner.dk/pl/27-3200198353/Baerbar/Lenovo-ThinkPad-E14-Gen-3-20Y70049MX-Sammenlign-Priser
Lenovo IdeaPad Flex 5 82HS0074MX,'10,0',Intel Core i5 1135G7,5499.00,1252.32,3299.76,1.67,https://www.pricerunner.dk/pl/27-3200051357/Baerbar/Lenovo-IdeaPad-Flex-5-82HS0074MX-Sammenlign-Priser
Lenovo Yoga Slim 7-14 82A2008NMX,'17,5',AMD Ryzen 7 4700U,6799.00,992.72,3894.23,1.75,https://www.pricerunner.dk/pl/27-5233695/Baerbar/Lenovo-Yoga-Slim-7-14-82A2008NMX-Sammenlign-Priser
Lenovo Yoga C740 81TC0018MX,'13,0',Intel Core i7 10510U,7187.00,971.24,2477.90,2.90,https://www.pricerunner.dk/pl/27-5066807/Baerbar/Lenovo-Yoga-C740-81TC0018MX-Sammenlign-Priser
Lenovo IdeaPad 3-14 82H70092MX,'7,5',Intel Core i5 1135G7,6499.00,1252.32,3299.76,1.97,https://www.pricerunner.dk/pl/27-3200142187/Baerbar/Lenovo-IdeaPad-3-14-82H70092MX-Sammenlign-Priser
Lenovo Yoga Slim 7 14ARE05 82A200DVMX,'17,5',AMD Ryzen 7 4700U,6999.00,992.72,3894.23,1.80,https://www.pricerunner.dk/pl/27-3200179797/Baerbar/Lenovo-Yoga-Slim-7-14ARE05-82A200DVMX-Sammenlign-Priser
Lenovo ThinkBook 14s Yoga 20WE0021MX,'8,4',Intel Core i5 1135G7,8289.00,1252.32,3299.76,2.51,https://www.pricerunner.dk/pl/27-3200023466/Baerbar/Lenovo-ThinkBook-14s-Yoga-20WE0021MX-Sammenlign-Priser
Lenovo ThinkPad E14 Gen 2 (20T7S1V305),'13,0',AMD Ryzen 7 4800U,6995.00,941.80,4246.00,1.65,https://www.pricerunner.dk/pl/27-3200029830/Baerbar/Lenovo-ThinkPad-E14-Gen-2-%2820T7S1V305%29-Sammenlign-Priser
Lenovo Yoga Slim 7 14ITL05 82A3002YMX,'15,0',Intel Core i7 1165G7,7999.00,1290.88,3408.67,2.35,https://www.pricerunner.dk/pl/27-3200174796/Baerbar/Lenovo-Yoga-Slim-7-14ITL05-82A3002YMX-Sammenlign-Priser
Lenovo Yoga Slim 7 Pro 14IHU5 (82NC000TMX),'18,8',Intel Core i5 11300H,7499.00,1260.48,3307.77,2.27,https://www.pricerunner.dk/pl/27-3200237672/Baerbar/Lenovo-Yoga-Slim-7-Pro-14IHU5-%2882NC000TMX%29-Sammenlign-Priser
Lenovo IdeaPad Flex 5 14ARE05 81X2008FMX,'12,0',AMD Ryzen 7 4700U,6257.00,992.72,3894.23,1.61,https://www.pricerunner.dk/pl/27-3200117131/Baerbar/Lenovo-IdeaPad-Flex-5-14ARE05-81X2008FMX-Sammenlign-Priser
Lenovo ThinkPad E14 G2 (20TA0059MX),'11,9',Intel Core i7 1165G7,7995.00,1290.88,3408.67,2.35,https://www.pricerunner.dk/pl/27-3200024174/Baerbar/Lenovo-ThinkPad-E14-G2-%2820TA0059MX%29-Sammenlign-Priser
Lenovo ThinkPad X395 20NMS3A006,'14,5',AMD Ryzen 7 Pro 3700U,7495.00,702.44,2147.51,3.49,https://www.pricerunner.dk/pl/27-3200165532/Baerbar/Lenovo-ThinkPad-X395-20NMS3A006-Sammenlign-Priser
Lenovo Yoga S940-14 81Q8000QMX,'16,0',Intel Core i7 1065G7,8999.00,1107.36,3084.78,2.92,https://www.pricerunner.dk/pl/27-5086139/Baerbar/Lenovo-Yoga-S940-14-81Q8000QMX-Sammenlign-Priser
Lenovo Yoga Slim 7 14ARE05 82A200AVMX,'17,5',AMD Ryzen 7 4800U ,8619.00,941.80,4246.00,2.03,https://www.pricerunner.dk/pl/27-3200212710/Baerbar/Lenovo-Yoga-Slim-7-14ARE05-82A200AVMX-Sammenlign-Priser
Lenovo ThinkBook 14 20VD008NMX,'6,0',Intel Core i5 1135G7,6195.00,1252.32,3299.76,1.88,https://www.pricerunner.dk/pl/27-3200236736/Baerbar/Lenovo-ThinkBook-14-20VD008NMX-Sammenlign-Priser
Lenovo Yoga Slim 7-14 82A20036MX,'17,5',AMD Ryzen 5 4500U,5999.00,820.36,2502.22,2.40,https://www.pricerunner.dk/pl/27-5235788/Baerbar/Lenovo-Yoga-Slim-7-14-82A20036MX-Sammenlign-Priser
Lenovo ThinkPad E14 G2 20TA000DMX,'11,9',Intel Core i7 1165G7 ,8009.10,1290.88,3408.67,2.35,https://www.pricerunner.dk/pl/27-3200025141/Baerbar/Lenovo-ThinkPad-E14-G2-20TA000DMX-Sammenlign-Priser
Lenovo ThinkBook 13s 20RR0003MX,'11,0',Intel Core i7 10510U,6495.00,971.24,2477.90,2.62,https://www.pricerunner.dk/pl/27-5073603/Baerbar/Lenovo-ThinkBook-13s-20RR0003MX-Sammenlign-Priser
Lenovo Yoga Slim 7-14 82A2005TGE,'17,5',AMD Ryzen 7 4700U,7066.00,992.72,3894.23,1.81,https://www.pricerunner.dk/pl/27-5269488/Baerbar/Lenovo-Yoga-Slim-7-14-82A2005TGE-Sammenlign-Priser
Lenovo ThinkPad L14 Gen 2 20X50038MX,'12,3',AMD Ryzen 7 Pro 5850U ,8184.00,1211.56,4705.33,1.74,https://www.pricerunner.dk/pl/27-3200215105/Baerbar/Lenovo-ThinkPad-L14-Gen-2-20X50038MX-Sammenlign-Priser
Lenovo IdeaPad 3 14ITL6 82H700BHGE,'5,5',Intel Core i7 1135G7 ,5154.00,1.00,1.00,5154.00,https://www.pricerunner.dk/pl/27-3200244718/Baerbar/Lenovo-IdeaPad-3-14ITL6-82H700BHGE-Sammenlign-Priser
Lenovo Yoga Slim 7-14 82A200CGMX,'14,0',AMD Ryzen 5 4500U,5790.00,820.36,2502.22,2.31,https://www.pricerunner.dk/pl/27-3200032283/Baerbar/Lenovo-Yoga-Slim-7-14-82A200CGMX-Sammenlign-Priser
Lenovo IdeaPad Flex 5 81X200D0MX,'12,0',AMD Ryzen 7 4700U,8298.00,992.72,3894.23,2.13,https://www.pricerunner.dk/pl/27-5253318/Baerbar/Lenovo-IdeaPad-Flex-5-81X200D0MX-Sammenlign-Priser
Lenovo Yoga Slim 7-14 82A20039MX,'17,5',AMD Ryzen 7 4800U,7995.00,941.80,4246.00,1.88,https://www.pricerunner.dk/pl/27-5218332/Baerbar/Lenovo-Yoga-Slim-7-14-82A20039MX-Sammenlign-Priser
Lenovo IdeaPad 5 14ALC05 82LM000FMX,'8,3',AMD Ryzen 5 5500U ,4999.00,915.72,3492.12,1.43,https://www.pricerunner.dk/pl/27-3200246844/Baerbar/Lenovo-IdeaPad-5-14ALC05-82LM000FMX-Sammenlign-Priser
Lenovo ThinkBook 14 G2 ITL 20VD 20VD008WGE,'6,0',Intel Core i5 1135G7 ,5890.00,1252.32,3299.76,1.78,https://www.pricerunner.dk/pl/27-3200222677/Baerbar/Lenovo-ThinkBook-14-G2-ITL-20VD-20VD008WGE-Sammenlign-Priser
Lenovo ThinkBook 14 20SL000LMX,'9,0',Intel Core i7 1065G7,6895.00,1107.36,3084.78,2.24,https://www.pricerunner.dk/pl/27-5207516/Baerbar/Lenovo-ThinkBook-14-20SL000LMX-Sammenlign-Priser
Lenovo ThinkPad E14 20T6000KMX,'13,0',AMD Ryzen 7 4700U,8199.00,992.72,3894.23,2.11,https://www.pricerunner.dk/pl/27-5233573/Baerbar/Lenovo-ThinkPad-E14-20T6000KMX-Sammenlign-Priser
HP Pavilion x360 Convertible 14-DH1240no,'13,2',Intel Core i5 10210U,6921.00,859.44,2149.59,3.22,https://www.pricerunner.dk/pl/27-5166443/Baerbar/HP-Pavilion-x360-Convertible-14-DH1240no-Sammenlign-Priser
Lenovo ThinkPad E490 (20N80029GE),'13,0',Intel Core i7 8565U,6363.72,957.92,2292.83,2.78,https://www.pricerunner.dk/pl/27-4930390/Baerbar/Lenovo-ThinkPad-E490-%2820N80029GE%29-Sammenlign-Priser
Lenovo IdeaPad Flex 5 14ALC05 82HU001CMX,'12,0',AMD Ryzen 7 5700U,6999.00,1002.28,4366.81,1.60,https://www.pricerunner.dk/pl/27-3200145701/Baerbar/Lenovo-IdeaPad-Flex-5-14ALC05-82HU001CMX-Sammenlign-Priser
Lenovo ThinkBook 14 20SL000NMX,'9,0',Intel Core i5 1035G1,5995.00,1047.80,2551.34,2.35,https://www.pricerunner.dk/pl/27-5204620/Baerbar/Lenovo-ThinkBook-14-20SL000NMX-Sammenlign-Priser
Lenovo Yoga S940-14 81Q70005MX,'15,0',Intel Core i7 8565U,8999.00,957.92,2292.83,3.92,https://www.pricerunner.dk/pl/27-5068222/Baerbar/Lenovo-Yoga-S940-14-81Q70005MX-Sammenlign-Priser
HP 14s-fq0058no,'8,5',Intel Core i5 4500U,5995.00,1.00,1.00,5995.00,https://www.pricerunner.dk/pl/27-5311349/Baerbar/HP-14s-fq0058no-Sammenlign-Priser
Lenovo ThinkBook 14s Yoga ITL 20WE0021MX,'8,4',Intel Core i5 1135G7 ,8641.00,1252.32,3299.76,2.62,https://www.pricerunner.dk/pl/27-3200036377/Baerbar/Lenovo-ThinkBook-14s-Yoga-ITL-20WE0021MX-Sammenlign-Priser
Lenovo ThinkBook 14 20VD003EMX,'6,0',Intel Core i7 1165G7,7953.00,1290.88,3408.67,2.33,https://www.pricerunner.dk/pl/27-3200006854/Baerbar/Lenovo-ThinkBook-14-20VD003EMX-Sammenlign-Priser
HP 14s-fq0075no,'9,2',AMD Ryzen 7 4700U,5999.00,992.72,3894.23,1.54,https://www.pricerunner.dk/pl/27-5308207/Baerbar/HP-14s-fq0075no-Sammenlign-Priser
Lenovo IdeaPad Flex 5 81X200D1MX,'12,0',AMD Ryzen 5 4500U,6699.00,820.36,2502.22,2.68,https://www.pricerunner.dk/pl/27-5253329/Baerbar/Lenovo-IdeaPad-Flex-5-81X200D1MX-Sammenlign-Priser
Lenovo IdeaPad Flex 5 14ALC05 82HU006QGE,'12,0',AMD Ryzen 7 5700U,6960.66,1002.28,4366.81,1.59,https://www.pricerunner.dk/pl/27-3200145796/Baerbar/Lenovo-IdeaPad-Flex-5-14ALC05-82HU006QGE-Sammenlign-Priser
Lenovo ThinkPad L13 20VH001NMX,'14,1',Intel Core i5 1135G7,8596.00,1252.32,3299.76,2.61,https://www.pricerunner.dk/pl/27-3200009213/Baerbar/Lenovo-ThinkPad-L13-20VH001NMX-Sammenlign-Priser
Lenovo ThinkPad X395 20NL001SMX,'14,5',AMD Ryzen 5 Pro 3500U,7899.00,681.00,1956.75,4.04,https://www.pricerunner.dk/pl/27-5098078/Baerbar/Lenovo-ThinkPad-X395-20NL001SMX-Sammenlign-Priser
Lenovo Yoga 6 (82FN000EMX),'18,0',AMD Ryzen 7 4700U,8799.00,992.72,3894.23,2.26,https://www.pricerunner.dk/pl/27-3200106485/Baerbar/Lenovo-Yoga-6-%2882FN000EMX%29-Sammenlign-Priser
Lenovo ThinkPad E14 Gen 3 R5 5500U 16G 512G No Win,'',AMD Ryzen 5 5500U ,5841.55,915.72,3492.12,1.67,https://www.pricerunner.dk/pl/27-3200257121/Baerbar/Lenovo-ThinkPad-E14-Gen-3-R5-5500U-16G-512G-No-Win-Sammenlign-Priser
Lenovo IdeaPad 5 14ITL05 82FE (82FE005QGE),'11,0',Intel Core i7 1165G7,8689.00,1290.88,3408.67,2.55,https://www.pricerunner.dk/pl/27-3200055446/Baerbar/Lenovo-IdeaPad-5-14ITL05-82FE-%2882FE005QGE%29-Sammenlign-Priser
Lenovo ThinkPad E14 20T60040MX,'13,0',AMD Ryzen 7 4700U,7327.00,992.72,3894.23,1.88,https://www.pricerunner.dk/pl/27-3200006793/Baerbar/Lenovo-ThinkPad-E14-20T60040MX-Sammenlign-Priser
Lenovo Yoga Slim 7-14 82A30041MX,'15,0',Intel Core i7 1165G7,7999.00,1290.88,3408.67,2.35,https://www.pricerunner.dk/pl/27-3200080841/Baerbar/Lenovo-Yoga-Slim-7-14-82A30041MX-Sammenlign-Priser
Lenovo Yoga Slim 7 Carbon 82EV0045MX,'15,0',Intel Core i5 1135G7 ,7499.00,1252.32,3299.76,2.27,https://www.pricerunner.dk/pl/27-3200010090/Baerbar/Lenovo-Yoga-Slim-7-Carbon-82EV0045MX-Sammenlign-Priser
Lenovo ThinkPad L13 20R3000FMX,'14,1',Intel Core i7 10510U,8790.00,971.24,2477.90,3.55,https://www.pricerunner.dk/pl/27-5185285/Baerbar/Lenovo-ThinkPad-L13-20R3000FMX-Sammenlign-Priser
Lenovo Yoga Slim 7-14 82A1006QMX,'15,0',Intel Core i5 1035G4,7978.00,1109.56,2785.66,2.86,https://www.pricerunner.dk/pl/27-5236403/Baerbar/Lenovo-Yoga-Slim-7-14-82A1006QMX-Sammenlign-Priser
Lenovo ThinkPad E14 20RA001DPB,'12,8',Intel Core i5 10210U,6000.00,859.44,2149.59,2.79,https://www.pricerunner.dk/pl/27-5223412/Baerbar/Lenovo-ThinkPad-E14-20RA001DPB-Sammenlign-Priser
Lenovo ThinkBook 13s G3 20YA0005GE,'12,3',AMD Ryzen 7 5800U,8669.00,1382.68,5520.52,1.57,https://www.pricerunner.dk/pl/27-3200247415/Baerbar/Lenovo-ThinkBook-13s-G3-20YA0005GE-Sammenlign-Priser
Lenovo ThinkPad E14 Gen 3 20Y7003XGE,'15,8',AMD Ryzen 7 5700U ,8389.00,1002.28,4366.81,1.92,https://www.pricerunner.dk/pl/27-3200245488/Baerbar/Lenovo-ThinkPad-E14-Gen-3-20Y7003XGE-Sammenlign-Priser
HP ProBook 445 G7 175V8EA,'',AMD Ryzen 7 4700U ,7796.00,992.72,3894.23,2.00,https://www.pricerunner.dk/pl/27-3200164689/Baerbar/HP-ProBook-445-G7-175V8EA-Sammenlign-Priser
Lenovo ThinkPad L14 Gen 1 20U10016MX,'12,3',Intel Core i7 10510U,8755.00,971.24,2477.90,3.53,https://www.pricerunner.dk/pl/27-3200244217/Baerbar/Lenovo-ThinkPad-L14-Gen-1-20U10016MX-Sammenlign-Priser
Lenovo ThinkPad E14 G2 (20T6000MGE),'13,0',AMD Ryzen 7 4700U,8339.00,992.72,3894.23,2.14,https://www.pricerunner.dk/pl/27-3200054635/Baerbar/Lenovo-ThinkPad-E14-G2-%2820T6000MGE%29-Sammenlign-Priser
Lenovo ThinkPad L13 Yoga 20R5000KGE,'12,2',Intel Core i7 10510U,7802.18,971.24,2477.90,3.15,https://www.pricerunner.dk/pl/27-5096766/Baerbar/Lenovo-ThinkPad-L13-Yoga-20R5000KGE-Sammenlign-Priser
Lenovo ThinkPad L13 Yoga 20R5000AMX,'12,2',Intel Core i5 10210U,8690.00,859.44,2149.59,4.04,https://www.pricerunner.dk/pl/27-5197447/Baerbar/Lenovo-ThinkPad-L13-Yoga-20R5000AMX-Sammenlign-Priser
Lenovo ThinkPad L14 20U50025MX,'',AMD Ryzen 5 4500U,6495.00,820.36,2502.22,2.60,https://www.pricerunner.dk/pl/27-3200006579/Baerbar/Lenovo-ThinkPad-L14-20U50025MX-Sammenlign-Priser
Lenovo ThinkBook 14s Yoga 20WE0003MX,'8,4',Intel Core i5 1135G7,7956.00,1252.32,3299.76,2.41,https://www.pricerunner.dk/pl/27-3200023291/Baerbar/Lenovo-ThinkBook-14s-Yoga-20WE0003MX-Sammenlign-Priser
Lenovo ThinkPad E14 G3 20Y7003SGE,'15,8',AMD Ryzen 5 5500U,7959.00,915.72,3492.12,2.28,https://www.pricerunner.dk/pl/27-3200253751/Baerbar/Lenovo-ThinkPad-E14-G3-20Y7003SGE-Sammenlign-Priser
Dell Latitude 5400 (29MWP),'',Intel Core i7 8650U,8699.00,848.36,2432.06,3.58,https://www.pricerunner.dk/pl/27-5135445/Baerbar/Dell-Latitude-5400-%2829MWP%29-Sammenlign-Priser
HP Pavilion 14-DV0033no,'9,0',Intel Core i7 1165G7,7439.00,1290.88,3408.67,2.18,https://www.pricerunner.dk/pl/27-3200087819/Baerbar/HP-Pavilion-14-DV0033no-Sammenlign-Priser
Lenovo ThinkBook 13s G3 ACN 20YA 20YA0007GE,'12,3',AMD Ryzen 5 5600U,7842.00,1238.48,4429.76,1.77,https://www.pricerunner.dk/pl/27-3200239671/Baerbar/Lenovo-ThinkBook-13s-G3-ACN-20YA-20YA0007GE-Sammenlign-Priser
HP Pavilion x360 14-dw1038no,'10,7',Intel Core i7 1165G7 ,7815.00,1290.88,3408.67,2.29,https://www.pricerunner.dk/pl/27-3200086787/Baerbar/HP-Pavilion-x360-14-dw1038no-Sammenlign-Priser
Lenovo Yoga 7 14ITL05 82BH004XGE,'16,0',Intel Core i7 1165G7 ,8232.32,1290.88,3408.67,2.42,https://www.pricerunner.dk/pl/27-3200247008/Baerbar/Lenovo-Yoga-7-14ITL05-82BH004XGE-Sammenlign-Priser
Lenovo ThinkBook 14 G2 ARE 20VF000BUK,'7,5',AMD Ryzen 7 4700U,8183.39,992.72,3894.23,2.10,https://www.pricerunner.dk/pl/27-3200173082/Baerbar/Lenovo-ThinkBook-14-G2-ARE-20VF000BUK-Sammenlign-Priser
Dell Latitude 3310 1WWJT,'',Intel Core i5 8265U,6890.83,915.88,2327.32,2.96,https://www.pricerunner.dk/pl/27-3200047365/Baerbar/Dell-Latitude-3310-1WWJT-Sammenlign-Priser
Lenovo ThinkPad L13 20VH001CGE,'12,2',Intel Core i7 1165G7,8470.29,1290.88,3408.67,2.48,https://www.pricerunner.dk/pl/27-3200236819/Baerbar/Lenovo-ThinkPad-L13-20VH001CGE-Sammenlign-Priser
Lenovo ThinkBook 14 20SL003JUK,'9,0',Intel Core i7 1065G7,7300.16,1107.36,3084.78,2.37,https://www.pricerunner.dk/pl/27-5277640/Baerbar/Lenovo-ThinkBook-14-20SL003JUK-Sammenlign-Priser
Lenovo Yoga Slim 7-13 82CY0005MX,'14,0',AMD Ryzen 7 5800U,7117.00,1382.68,5520.52,1.29,https://www.pricerunner.dk/pl/27-3200212592/Baerbar/Lenovo-Yoga-Slim-7-13-82CY0005MX-Sammenlign-Priser
Lenovo IdeaPad Flex 5 14ARE05 81X200CHMX,'12,0',AMD Ryzen 5 4500U,6103.00,820.36,2502.22,2.44,https://www.pricerunner.dk/pl/27-3200257929/Baerbar/Lenovo-IdeaPad-Flex-5-14ARE05-81X200CHMX-Sammenlign-Priser
Dell Latitude 5410 (4N4GD),'',Intel Core i5 10310U ,8353.00,1009.44,2638.56,3.17,https://www.pricerunner.dk/pl/27-3200235701/Baerbar/Dell-Latitude-5410-%284N4GD%29-Sammenlign-Priser
Lenovo ThinkPad L14 Gen 2 20X1004BMX,'11,8',Intel Core i5 1135G7 ,8461.00,1252.32,3299.76,2.56,https://www.pricerunner.dk/pl/27-3200218438/Baerbar/Lenovo-ThinkPad-L14-Gen-2-20X1004BMX-Sammenlign-Priser
Dell Latitude 7300 (98CR7),'',Intel Core i5 8365U,6510.00,875.08,2274.28,2.86,https://www.pricerunner.dk/pl/27-5182383/Baerbar/Dell-Latitude-7300-%2898CR7%29-Sammenlign-Priser
Dell Latitude 7300 (5NPC4),'',Intel Core i5 8365U,7161.00,875.08,2274.28,3.15,https://www.pricerunner.dk/pl/27-4972703/Baerbar/Dell-Latitude-7300-%285NPC4%29-Sammenlign-Priser
Dell Latitude 5420 (YH4Y9),'',Intel Core i5 1135G7,8799.00,1252.32,3299.76,2.67,https://www.pricerunner.dk/pl/27-3200106329/Baerbar/Dell-Latitude-5420-%28YH4Y9%29-Sammenlign-Priser
Lenovo ThinkBook 14 G2 20VF000AGE,'7,5',AMD Ryzen 5 4500U,6234.00,820.36,2502.22,2.49,https://www.pricerunner.dk/pl/27-3200249440/Baerbar/Lenovo-ThinkBook-14-G2-20VF000AGE-Sammenlign-Priser
Lenovo ThinkPad E14 20RA001MPB,'12,8',Intel Core i5 10210U,6920.00,859.44,2149.59,3.22,https://www.pricerunner.dk/pl/27-5223465/Baerbar/Lenovo-ThinkPad-E14-20RA001MPB-Sammenlign-Priser
HP ProBook 635 Aero G7 2E9F5EA,'',AMD Ryzen 5 Pro 4650U ,8120.00,1016.28,3634.86,2.23,https://www.pricerunner.dk/pl/27-3200255504/Baerbar/HP-ProBook-635-Aero-G7-2E9F5EA-Sammenlign-Priser
HP ProBook 430 G7 8VT46EA,'',Intel Core i5 10210U,7665.00,859.44,2149.59,3.57,https://www.pricerunner.dk/pl/27-5293642/Baerbar/HP-ProBook-430-G7-8VT46EA-Sammenlign-Priser
Lenovo ThinkPad L14 20X1004MGE,'11,8',Intel Core i5 1135G7,7920.05,1252.32,3299.76,2.40,https://www.pricerunner.dk/pl/27-3200232758/Baerbar/Lenovo-ThinkPad-L14-20X1004MGE-Sammenlign-Priser
Lenovo ThinkPad E14 20RA001MGE,'12,8',Intel Core i5 10210U,8069.00,859.44,2149.59,3.75,https://www.pricerunner.dk/pl/27-5110931/Baerbar/Lenovo-ThinkPad-E14-20RA001MGE-Sammenlign-Priser
Lenovo ThinkPad E14 G2 20TA000EGE,'11,9',Intel Core i5 1135G7,8419.00,1252.32,3299.76,2.55,https://www.pricerunner.dk/pl/27-3200215854/Baerbar/Lenovo-ThinkPad-E14-G2-20TA000EGE-Sammenlign-Priser
Lenovo Yoga Slim 7 14ARE05 82A2006XPB,'17,5',AMD Ryzen 5 4500U ,6466.00,820.36,2502.22,2.58,https://www.pricerunner.dk/pl/27-3200258074/Baerbar/Lenovo-Yoga-Slim-7-14ARE05-82A2006XPB-Sammenlign-Priser
Lenovo ThinkPad E14 20RA0016GE,'12,8',Intel Core i5 10210U,6902.00,859.44,2149.59,3.21,https://www.pricerunner.dk/pl/27-5110695/Baerbar/Lenovo-ThinkPad-E14-20RA0016GE-Sammenlign-Priser
Lenovo ThinkPad L13 20R30009MX,'14,1',Intel Core i5 10210U,7990.00,859.44,2149.59,3.72,https://www.pricerunner.dk/pl/27-5185246/Baerbar/Lenovo-ThinkPad-L13-20R30009MX-Sammenlign-Priser
Lenovo ThinkPad L14 (2nd Gen) 20X50062MX,'',AMD Ryzen 5 Pro 5650U,8228.00,1363.67,4445.79,1.85,https://www.pricerunner.dk/pl/27-3200253831/Baerbar/Lenovo-ThinkPad-L14-%282nd-Gen%29-20X50062MX-Sammenlign-Priser
Lenovo ThinkPad L13 20VH0017GE,'12,2',Intel Core i5 1135G7,8979.00,1252.32,3299.76,2.72,https://www.pricerunner.dk/pl/27-3200237275/Baerbar/Lenovo-ThinkPad-L13-20VH0017GE-Sammenlign-Priser
Lenovo ThinkBook 13s 20RR0006GE,'11,0',Intel Core i5 10210U,6313.67,859.44,2149.59,2.94,https://www.pricerunner.dk/pl/27-5252347/Baerbar/Lenovo-ThinkBook-13s-20RR0006GE-Sammenlign-Priser
Lenovo ThinkBook 14 G3 21A20006GE,'7,5',AMD Ryzen 5 5500U,6799.00,915.72,3492.12,1.95,https://www.pricerunner.dk/pl/27-3200255901/Baerbar/Lenovo-ThinkBook-14-G3-21A20006GE-Sammenlign-Priser
Lenovo ThinkPad L13 20R30009GE,'14,1',Intel Core i5 10210U,7057.33,859.44,2149.59,3.28,https://www.pricerunner.dk/pl/27-5097415/Baerbar/Lenovo-ThinkPad-L13-20R30009GE-Sammenlign-Priser
Lenovo ThinkBook 14 20RV0000MX,'9,0',Intel Core i7 10510U,7695.00,971.24,2477.90,3.11,https://www.pricerunner.dk/pl/27-5073695/Baerbar/Lenovo-ThinkBook-14-20RV0000MX-Sammenlign-Priser
Lenovo ThinkBook 13s G2 ITL 20V90005GE,'16,0',Intel Core i5 1135G7,7808.06,1252.32,3299.76,2.37,https://www.pricerunner.dk/pl/27-3200257863/Baerbar/Lenovo-ThinkBook-13s-G2-ITL-20V90005GE-Sammenlign-Priser
HP Pavilion 14-ce3035no,'10,5',Intel Core i7 1065G7,7815.00,1107.36,3084.78,2.53,https://www.pricerunner.dk/pl/27-5308379/Baerbar/HP-Pavilion-14-ce3035no-Sammenlign-Priser
Dell Latitude 5420 (0MCPY),'',Intel Core i5 1135G7,8470.29,1252.32,3299.76,2.57,https://www.pricerunner.dk/pl/27-3200226527/Baerbar/Dell-Latitude-5420-%280MCPY%29-Sammenlign-Priser
Lenovo ThinkPad L13 20R3000AMX,'14,1',Intel Core i5 10210U,8790.00,859.44,2149.59,4.09,https://www.pricerunner.dk/pl/27-5071355/Baerbar/Lenovo-ThinkPad-L13-20R3000AMX-Sammenlign-Priser
Lenovo ThinkPad L14 20U1000YPB,'12,3',Intel Core i5 10210U,8958.00,859.44,2149.59,4.17,https://www.pricerunner.dk/pl/27-3200248088/Baerbar/Lenovo-ThinkPad-L14-20U1000YPB-Sammenlign-Priser
